{   
    "object_to_fit" : "SN2021urb_2021-08-06_00-00-00_Keck1_LRIS_TNS.flm",


    "use_exact_z": 1,
    "z_exact": 0.127,


    "z_range_begin": 0,
    "z_range_end": 0.1,
    "z_int": 0.01,
    
    "resolution":10,

    "temp_sn_tr"  : ["IIb-flash", "computed", "Ia 02es-like", "Ia-02cx like", "TDE He", "Ca-Ia", 
                    "Ia-CSM-(ambigious)", "II", "super_chandra", "SLSN-II", "IIn", "FBOT", "Ibn", 
                    "SLSN-IIn", "Ia 91T-like", "IIb", "TDE H", "SN - Imposter", "II-flash", "ILRT", 
                    "Ia 99aa-like", "Ic", "SLSN-I", "Ia-pec", "Ib", "Ia-CSM", "Ia-norm", "SLSN-Ib", 
                    "TDE H+He", "Ia 91bg-like", "Ca-Ib", "Ia-rapid", "Ic-BL", "Ic-pec", "SLSN-IIb"],

    "temp_gal_tr" : ["E","S0","Sa","Sb","SB1","SB2","SB3","SB4","SB5","SB6","Sc"],
   
    "lower_lam": 0,
    "upper_lam": 0,

    "error_spectrum" : "sg",
    "saving_results_path" : "",
    
    "show_plot" : 1,
    "how_many_plots" : 5,

    "mask_galaxy_lines":1,
    "mask_telluric":1,

    "minimum_overlap": 0.7,

    "epoch_high": 0,
    "epoch_low" : 0,

    "Alam_high": 2,
    "Alam_low": -2,
    "Alam_interval":0.2

    
}
