"Obj. ID","IAU name","Internal name/s","Obj. RA","Obj. DEC","Obj. Type","Redshift","Spec. ID","Obs-date","JD","From","Telescope","Instrument","Observer/s","Reducer/s","Source group","Public","Associated groups","End prop. period","Ascii file","Fits file","Spec. type","Spec. quality","Extinction-Corrected","WL Medium","WL Units","Flux Unit Coefficient","Spec. units","Flux Calibrated By","Exp-time","Aperture (slit)","HA","Airmass","Dichroic","Grism","Grating","Blaze","Lambda-min","Lambda-max","Del-Lambda","Contrib","Publish","Remarks","Created by","Creation date"
"8596","2008aw","","196.058792","-10.32025","SN II","0.0104","26142","2008-03-04 00:00:00.00","2454529.5","","Other","Other","Unknown","Unknown","","Y","","","2008aw_2008-03-04_00-00-00_Other_Other_None.ascii","","Object","","","Air","Angstrom","1","Other","","0","0","","","","","","","3443.1908155186","7345.1504354711","1.4543271039704","","","Data was ingested from the &lt;a href=&#039;https://sne.space/&#039;&gt;Open Supernova Catalog&lt;/a&gt; [CAUTION: The uploaded spectrum may already be de-redshifted; please check.] [Prev. spec info - createdby: admin-UploadSet; modifiedby: admin-UploadSet]"," Migration From WISeREP1.0","2016-09-08 13:27:17"
"8596","2008aw","","196.058792","-10.32025","SN II","0.0104","26144","2008-03-06 00:00:00.00","2454531.5","","Other","Other","Unknown","Unknown","","Y","","","2008aw_2008-03-06_00-00-00_Other_Other_None.ascii","","Object","","","Air","Angstrom","1","Other","","0","0","","","","","","","3452.098178939","7356.9675376089","1.4543275078845","","","Data was ingested from the &lt;a href=&#039;https://sne.space/&#039;&gt;Open Supernova Catalog&lt;/a&gt; [CAUTION: The uploaded spectrum may already be de-redshifted; please check.] [Prev. spec info - createdby: admin-UploadSet; modifiedby: admin-UploadSet]"," Migration From WISeREP1.0","2016-09-08 13:27:17"
"8596","2008aw","","196.058792","-10.32025","SN II","0.0104","26146","2008-03-10 00:00:00.00","2454535.5","","Other","Other","Unknown","Unknown","","Y","","","2008aw_2008-03-10_00-00-00_Other_Other_None.ascii","","Object","","","Air","Angstrom","1","Other","","0","0","","","","","","","3440.2216943785","7340.7264449723","1.4543269017874","","","Data was ingested from the &lt;a href=&#039;https://sne.space/&#039;&gt;Open Supernova Catalog&lt;/a&gt; [CAUTION: The uploaded spectrum may already be de-redshifted; please check.] [Prev. spec info - createdby: admin-UploadSet; modifiedby: admin-UploadSet]"," Migration From WISeREP1.0","2016-09-08 13:27:17"
"8596","2008aw","","196.058792","-10.32025","SN II","0.0104","26148","2008-03-12 00:00:00.00","2454537.5","","Other","Other","Unknown","Unknown","","Y","","","2008aw_2008-03-12_00-00-00_Other_Other_None.ascii","","Object","","","Air","Angstrom","1","Other","","0","0","","","","","","","3439.2319873318","7341.1916072842","1.4548693586698","","","Data was ingested from the &lt;a href=&#039;https://sne.space/&#039;&gt;Open Supernova Catalog&lt;/a&gt; [CAUTION: The uploaded spectrum may already be de-redshifted; please check.] [Prev. spec info - createdby: admin-UploadSet; modifiedby: admin-UploadSet]"," Migration From WISeREP1.0","2016-09-08 13:27:17"
"8596","2008aw","","196.058792","-10.32025","SN II","0.0104","26149","2008-03-14 00:00:00.00","2454539.5","","Other","Other","Unknown","Unknown","","Y","","","2008aw_2008-03-14_00-00-00_Other_Other_None.ascii","","Object","","","Air","Angstrom","1","Other","","0","0","","","","","","","3440.2216943785","7342.181314331","1.4543271039704","","","Data was ingested from the &lt;a href=&#039;https://sne.space/&#039;&gt;Open Supernova Catalog&lt;/a&gt; [CAUTION: The uploaded spectrum may already be de-redshifted; please check.] [Prev. spec info - createdby: admin-UploadSet; modifiedby: admin-UploadSet]"," Migration From WISeREP1.0","2016-09-08 13:27:17"
"8596","2008aw","","196.058792","-10.32025","SN II","0.0104","54110","2008-03-25 00:00:00.00","2454550.5","","Lick-3m","KAST","Bentz, Aaron Barth, Thornton","Thea Steele","UCB-SNDB","Y","UCB-SNDB","","SN_2008aw_2008-03-25_00-00-00_Lick-3m_KAST_UCB-SNDB.flm","","Object","","","Air","Angstrom","1","erg cm(-2) sec(-1) Ang(-1)","","","","","","","","","","3266.1172991387","10491.16465784","1.9789228591347","","","SNR: 33.2965;","WIS_Bot1","2019-09-29 22:15:11"
"8596","2008aw","","196.058792","-10.32025","SN II","0.0104","26151","2008-04-02 00:00:00.00","2454558.5","","Other","Other","Unknown","Unknown","","Y","","","2008aw_2008-04-02_00-00-00_Other_Other_None.ascii","","Object","","","Air","Angstrom","1","Other","","0","0","","","","","","","3171.0213776722","8310.4216152019","1.9313792700224","","","Data was ingested from the &lt;a href=&#039;https://sne.space/&#039;&gt;Open Supernova Catalog&lt;/a&gt; [CAUTION: The uploaded spectrum may already be de-redshifted; please check.] [Prev. spec info - createdby: admin-UploadSet; modifiedby: admin-UploadSet]"," Migration From WISeREP1.0","2016-09-08 13:27:17"
"8596","2008aw","","196.058792","-10.32025","SN II","0.0104","54111","2008-04-10 00:00:00.00","2454566.5","","Lick-3m","KAST","Barth/Walsh","Thea Steele","UCB-SNDB","Y","UCB-SNDB","","SN_2008aw_2008-04-10_00-00-00_Lick-3m_KAST_UCB-SNDB.flm","","Object","","","Air","Angstrom","1","erg cm(-2) sec(-1) Ang(-1)","","","","","","","","","","3266.1172991387","10491.16465784","1.9789228591347","","","SNR: 37.1712;","WIS_Bot1","2019-09-29 22:15:11"
"8596","2008aw","","196.058792","-10.32025","SN II","0.0104","54112","2008-04-29 00:00:00.00","2454585.5","","Lick-3m","KAST","Bentz, Walsh","Thea Steele","UCB-SNDB","Y","UCB-SNDB","","SN_2008aw_2008-04-29_00-00-00_Lick-3m_KAST_UCB-SNDB.flm","","Object","","","Air","Angstrom","1","erg cm(-2) sec(-1) Ang(-1)","","","","","","","","","","3266.1172991387","10689.111160818","1.9789373131642","","","SNR: 23.4413;","WIS_Bot1","2019-09-29 22:15:11"